{"payload":{"installed_packages":["absl-py==1.4.0","addict==2.4.0","albumentations==1.3.1","asttokens==2.2.1","astunparse==1.6.3","attr==0.3.2","attrs==23.1.0","backcall==0.2.0","cachetools==5.3.1","certifi==2023.7.22","cffi==1.15.1","charset-normalizer==3.2.0","colorama==0.4.6","comet-ml==3.35.3","configobj==5.0.8","contourpy==1.1.0","coremltools==6.3.0","cycler==0.11.0","decorator==5.1.1","defusedxml==0.7.1","dulwich==0.21.6","everett==3.1.0","executing==1.2.0","filelock==3.12.2","flatbuffers==23.5.26","fonttools==4.41.1","gast==0.4.0","gitdb==4.0.10","gitpython==3.1.32","google-auth-oauthlib==1.0.0","google-auth==2.22.0","google-pasta==0.2.0","grpcio==1.56.2","h5py==3.9.0","idna==3.4","imageio==2.31.1","importlib-metadata==6.8.0","importlib-resources==6.0.0","ipython==8.12.2","jedi==0.19.0","jinja2==3.1.2","joblib==1.3.1","jsonschema-specifications==2023.11.1","jsonschema==4.20.0","jstyleson==0.0.2","keras==2.13.1","kiwisolver==1.4.4","labelimg==1.8.6","lazy-loader==0.3","libclang==16.0.6","lxml==4.9.3","markdown-it-py==3.0.0","markdown==3.4.4","markupsafe==2.1.3","matplotlib-inline==0.1.6","matplotlib==3.7.2","mdurl==0.1.2","mpmath==1.3.0","mss==9.0.1","networkx==2.8.8","numpy==1.24.3","oauthlib==3.2.2","onnx-simplifier==0.4.33","onnx==1.14.0","opencv-python-headless==4.8.0.74","opencv-python==4.8.0.74","openvino-dev==2023.0.1","openvino-telemetry==2023.1.0","openvino==2023.0.1","opt-einsum==3.3.0","packaging==20.9","pandas==2.0.3","parso==0.8.3","pickleshare==0.7.5","pillow==9.5.0","pip==23.2.1","pkgutil-resolve-name==1.3.10","prompt-toolkit==3.0.39","protobuf==3.20.3","psutil==5.9.5","pure-eval==0.2.2","py-cpuinfo==9.0.0","pyasn1-modules==0.3.0","pyasn1==0.5.0","pybind11==2.11.1","pycparser==2.21","pygments==2.15.1","pyparsing==3.0.9","pyqt5-qt5==5.15.2","pyqt5-sip==12.12.2","pyqt5==5.15.9","python-box==6.1.0","python-dateutil==2.8.2","pytz==2023.3","pywavelets==1.4.1","pyyaml==6.0.1","qudida==0.0.4","referencing==0.31.0","requests-oauthlib==1.3.1","requests-toolbelt==1.0.0","requests==2.31.0","rich==13.5.2","rpds-py==0.13.1","rsa==4.9","scikit-image==0.20.0","scikit-learn==1.1.2","scipy==1.9.1","seaborn==0.12.2","semantic-version==2.10.0","sentry-sdk==1.37.1","setuptools==65.5.1","simplejson==3.19.2","six==1.16.0","smmap==5.0.0","sounddevice==0.4.6","stack-data==0.6.2","sympy==1.12","tensorboard-data-server==0.7.1","tensorboard==2.13.0","tensorflow-estimator==2.13.0","tensorflow-hub==0.12.0","tensorflow-intel==2.13.0","tensorflow-io-gcs-filesystem==0.31.0","tensorflow==2.13.0","tensorflowjs==3.18.0","termcolor==2.3.0","texttable==1.6.7","tflite-support==0.4.3","thop==0.1.1.post2209072238","threadpoolctl==3.2.0","tifffile==2023.7.10","torch==2.0.1","torchvision==0.15.2","tqdm==4.65.0","traitlets==5.9.0","typing-extensions==4.5.0","tzdata==2023.3","ultralytics==8.0.145","urllib3==1.26.16","wcwidth==0.2.6","websocket-client==1.3.3","werkzeug==2.3.6","wheel==0.38.4","wrapt==1.15.0","wurlitzer==3.0.3","x2paddle==1.4.1","zipp==3.16.2"],"local_timestamp":1701082051665,"message_id":1},"type":"ws_msg"}
{"payload":{"env_details":{"command":["train.py","--cfg","yolov5s-CBAM.yaml"],"env":null,"hostname":"Anqi","ip":"10.102.230.235","machine":"AMD64","os":"Windows-10-10.0.22621-SP0","os_release":"10","os_type":"Windows","pid":74064,"processor":"Intel64 Family 6 Model 154 Stepping 3, GenuineIntel","python_exe":"G:\\software\\Anaconda3\\envs\\pytorch1\\python.exe","python_version":"3.8.17","python_version_verbose":"3.8.17 (default, Jul  5 2023, 20:44:21) [MSC v.1916 64 bit (AMD64)]","user":"17237"},"local_timestamp":1701082051863,"message_id":2},"type":"ws_msg"}
{"payload":{"local_timestamp":1701082052283,"message_id":3,"metric":{"epoch":null,"metricName":"sys.cpu.percent.avg","metricValue":4.01875,"step":null}},"type":"metric_msg"}
{"payload":{"local_timestamp":1701082052284,"message_id":4,"metric":{"epoch":null,"metricName":"sys.ram.total","metricValue":16892026880,"step":null}},"type":"metric_msg"}
{"payload":{"local_timestamp":1701082052284,"message_id":5,"metric":{"epoch":null,"metricName":"sys.ram.used","metricValue":13487116288,"step":null}},"type":"metric_msg"}
{"payload":{"local_timestamp":1701082052284,"message_id":6,"metric":{"epoch":null,"metricName":"sys.ram.available","metricValue":3404910592,"step":null}},"type":"metric_msg"}
{"payload":{"local_timestamp":1701082052284,"message_id":7,"metric":{"epoch":null,"metricName":"sys.ram.percent.used","metricValue":79.8,"step":null}},"type":"metric_msg"}
{"payload":{"local_timestamp":1701082052284,"message_id":8,"metric":{"epoch":null,"metricName":"sys.load.avg","metricValue":0.0,"step":null}},"type":"metric_msg"}
{"payload":{"local_timestamp":1701082052292,"message_id":9,"param":{"paramName":"cfg","paramValue":"yolov5s-CBAM.yaml","source":"cli","step":null}},"type":"parameter_msg"}
{"payload":{"local_timestamp":1701082052293,"log_other":{"key":"offline_experiment","val":true},"message_id":10},"type":"ws_msg"}
{"payload":{"local_timestamp":1701082052293,"log_other":{"key":"Name","val":"exp"},"message_id":11},"type":"ws_msg"}
{"payload":{"additional_params":{"assetId":"aa23b860eaba4615a0cf1c89560058b8","context":null,"extension":"yaml","fileName":"accident.yaml","overwrite":false,"runId":null,"step":null},"clean":true,"file_path":"tmp_irpo7eq","local_timestamp":1701082052296,"message_id":12,"metadata":{"type":"data-config-file"},"upload_type":"asset"},"type":"file_upload"}
{"payload":{"local_timestamp":1701082052299,"log_other":{"key":"Created from","val":"YOLOv5"},"message_id":13},"type":"ws_msg"}
{"payload":{"local_timestamp":1701082052299,"log_other":{"key":"hasNestedParams","val":true},"message_id":14},"type":"ws_msg"}
{"payload":{"local_timestamp":1701082052299,"message_id":15,"param":{"paramName":"artifact_alias","paramValue":"latest","source":"manual","step":null}},"type":"parameter_msg"}
{"payload":{"local_timestamp":1701082052299,"message_id":16,"param":{"paramName":"batch_size","paramValue":16,"source":"manual","step":null}},"type":"parameter_msg"}
{"payload":{"local_timestamp":1701082052299,"message_id":17,"param":{"paramName":"bbox_interval","paramValue":-1,"source":"manual","step":null}},"type":"parameter_msg"}
{"payload":{"local_timestamp":1701082052299,"message_id":18,"param":{"paramName":"bucket","paramValue":"","source":"manual","step":null}},"type":"parameter_msg"}
{"payload":{"local_timestamp":1701082052299,"message_id":19,"param":{"paramName":"cache","paramValue":null,"source":"manual","step":null}},"type":"parameter_msg"}
{"payload":{"local_timestamp":1701082052300,"message_id":20,"param":{"paramName":"cfg","paramValue":"C:\\Users\\17237\\Desktop\\yolov5-master\\yolov5-me\\models\\yolov5s-CBAM.yaml","source":"manual","step":null}},"type":"parameter_msg"}
{"payload":{"local_timestamp":1701082052300,"message_id":21,"param":{"paramName":"cos_lr","paramValue":false,"source":"manual","step":null}},"type":"parameter_msg"}
{"payload":{"local_timestamp":1701082052300,"message_id":22,"param":{"paramName":"data","paramValue":"data\\accident.yaml","source":"manual","step":null}},"type":"parameter_msg"}
{"payload":{"local_timestamp":1701082052300,"message_id":23,"param":{"paramName":"device","paramValue":"","source":"manual","step":null}},"type":"parameter_msg"}
{"payload":{"local_timestamp":1701082052300,"message_id":24,"param":{"paramName":"entity","paramValue":null,"source":"manual","step":null}},"type":"parameter_msg"}
{"payload":{"local_timestamp":1701082052300,"message_id":25,"param":{"paramName":"epochs","paramValue":300,"source":"manual","step":null}},"type":"parameter_msg"}
{"payload":{"local_timestamp":1701082052300,"message_id":26,"param":{"paramName":"evolve","paramValue":null,"source":"manual","step":null}},"type":"parameter_msg"}
{"payload":{"local_timestamp":1701082052300,"message_id":27,"param":{"paramName":"exist_ok","paramValue":false,"source":"manual","step":null}},"type":"parameter_msg"}
{"payload":{"local_timestamp":1701082052300,"message_id":28,"params":{"paramName":"freeze","paramValue":[0],"source":"manual","step":null}},"type":"parameter_msg"}
{"payload":{"local_timestamp":1701082052300,"message_id":29,"param":{"paramName":"hyp|anchor_t","paramValue":4.0,"source":"manual","step":null}},"type":"parameter_msg"}
{"payload":{"local_timestamp":1701082052300,"message_id":30,"param":{"paramName":"hyp|box","paramValue":0.05,"source":"manual","step":null}},"type":"parameter_msg"}
{"payload":{"local_timestamp":1701082052300,"message_id":31,"param":{"paramName":"hyp|cls","paramValue":0.3,"source":"manual","step":null}},"type":"parameter_msg"}
{"payload":{"local_timestamp":1701082052300,"message_id":32,"param":{"paramName":"hyp|cls_pw","paramValue":1.0,"source":"manual","step":null}},"type":"parameter_msg"}
{"payload":{"local_timestamp":1701082052300,"message_id":33,"param":{"paramName":"hyp|copy_paste","paramValue":0.0,"source":"manual","step":null}},"type":"parameter_msg"}
{"payload":{"local_timestamp":1701082052300,"message_id":34,"param":{"paramName":"hyp|degrees","paramValue":0.0,"source":"manual","step":null}},"type":"parameter_msg"}
{"payload":{"local_timestamp":1701082052300,"message_id":35,"param":{"paramName":"hyp|fl_gamma","paramValue":0.0,"source":"manual","step":null}},"type":"parameter_msg"}
{"payload":{"local_timestamp":1701082052300,"message_id":36,"param":{"paramName":"hyp|fliplr","paramValue":0.5,"source":"manual","step":null}},"type":"parameter_msg"}
{"payload":{"local_timestamp":1701082052300,"message_id":37,"param":{"paramName":"hyp|flipud","paramValue":0.0,"source":"manual","step":null}},"type":"parameter_msg"}
{"payload":{"local_timestamp":1701082052300,"message_id":38,"param":{"paramName":"hyp|hsv_h","paramValue":0.015,"source":"manual","step":null}},"type":"parameter_msg"}
{"payload":{"local_timestamp":1701082052300,"message_id":39,"param":{"paramName":"hyp|hsv_s","paramValue":0.7,"source":"manual","step":null}},"type":"parameter_msg"}
{"payload":{"local_timestamp":1701082052300,"message_id":40,"param":{"paramName":"hyp|hsv_v","paramValue":0.4,"source":"manual","step":null}},"type":"parameter_msg"}
{"payload":{"local_timestamp":1701082052300,"message_id":41,"param":{"paramName":"hyp|iou_t","paramValue":0.2,"source":"manual","step":null}},"type":"parameter_msg"}
{"payload":{"local_timestamp":1701082052300,"message_id":42,"param":{"paramName":"hyp|lr0","paramValue":0.01,"source":"manual","step":null}},"type":"parameter_msg"}
{"payload":{"local_timestamp":1701082052300,"message_id":43,"param":{"paramName":"hyp|lrf","paramValue":0.01,"source":"manual","step":null}},"type":"parameter_msg"}
{"payload":{"local_timestamp":1701082052300,"message_id":44,"param":{"paramName":"hyp|mixup","paramValue":0.1,"source":"manual","step":null}},"type":"parameter_msg"}
{"payload":{"local_timestamp":1701082052300,"message_id":45,"param":{"paramName":"hyp|momentum","paramValue":0.937,"source":"manual","step":null}},"type":"parameter_msg"}
{"payload":{"local_timestamp":1701082052300,"message_id":46,"param":{"paramName":"hyp|mosaic","paramValue":1.0,"source":"manual","step":null}},"type":"parameter_msg"}
{"payload":{"local_timestamp":1701082052300,"message_id":47,"param":{"paramName":"hyp|obj","paramValue":0.7,"source":"manual","step":null}},"type":"parameter_msg"}
{"payload":{"local_timestamp":1701082052300,"message_id":48,"param":{"paramName":"hyp|obj_pw","paramValue":1.0,"source":"manual","step":null}},"type":"parameter_msg"}
{"payload":{"local_timestamp":1701082052300,"message_id":49,"param":{"paramName":"hyp|perspective","paramValue":0.0,"source":"manual","step":null}},"type":"parameter_msg"}
{"payload":{"local_timestamp":1701082052300,"message_id":50,"param":{"paramName":"hyp|scale","paramValue":0.9,"source":"manual","step":null}},"type":"parameter_msg"}
{"payload":{"local_timestamp":1701082052300,"message_id":51,"param":{"paramName":"hyp|shear","paramValue":0.0,"source":"manual","step":null}},"type":"parameter_msg"}
{"payload":{"local_timestamp":1701082052300,"message_id":52,"param":{"paramName":"hyp|translate","paramValue":0.1,"source":"manual","step":null}},"type":"parameter_msg"}
{"payload":{"local_timestamp":1701082052300,"message_id":53,"param":{"paramName":"hyp|warmup_bias_lr","paramValue":0.1,"source":"manual","step":null}},"type":"parameter_msg"}
{"payload":{"local_timestamp":1701082052300,"message_id":54,"param":{"paramName":"hyp|warmup_epochs","paramValue":3.0,"source":"manual","step":null}},"type":"parameter_msg"}
{"payload":{"local_timestamp":1701082052300,"message_id":55,"param":{"paramName":"hyp|warmup_momentum","paramValue":0.8,"source":"manual","step":null}},"type":"parameter_msg"}
{"payload":{"local_timestamp":1701082052300,"message_id":56,"param":{"paramName":"hyp|weight_decay","paramValue":0.0005,"source":"manual","step":null}},"type":"parameter_msg"}
{"payload":{"local_timestamp":1701082052300,"message_id":57,"param":{"paramName":"image_weights","paramValue":false,"source":"manual","step":null}},"type":"parameter_msg"}
{"payload":{"local_timestamp":1701082052300,"message_id":58,"param":{"paramName":"imgsz","paramValue":640,"source":"manual","step":null}},"type":"parameter_msg"}
{"payload":{"local_timestamp":1701082052300,"message_id":59,"param":{"paramName":"label_smoothing","paramValue":0.0,"source":"manual","step":null}},"type":"parameter_msg"}
{"payload":{"local_timestamp":1701082052300,"message_id":60,"param":{"paramName":"local_rank","paramValue":-1,"source":"manual","step":null}},"type":"parameter_msg"}
{"payload":{"local_timestamp":1701082052300,"message_id":61,"param":{"paramName":"multi_scale","paramValue":false,"source":"manual","step":null}},"type":"parameter_msg"}
{"payload":{"local_timestamp":1701082052300,"message_id":62,"param":{"paramName":"name","paramValue":"exp","source":"manual","step":null}},"type":"parameter_msg"}
{"payload":{"local_timestamp":1701082052300,"message_id":63,"param":{"paramName":"noautoanchor","paramValue":false,"source":"manual","step":null}},"type":"parameter_msg"}
{"payload":{"local_timestamp":1701082052300,"message_id":64,"param":{"paramName":"noplots","paramValue":false,"source":"manual","step":null}},"type":"parameter_msg"}
{"payload":{"local_timestamp":1701082052300,"message_id":65,"param":{"paramName":"nosave","paramValue":false,"source":"manual","step":null}},"type":"parameter_msg"}
{"payload":{"local_timestamp":1701082052300,"message_id":66,"param":{"paramName":"noval","paramValue":false,"source":"manual","step":null}},"type":"parameter_msg"}
{"payload":{"local_timestamp":1701082052300,"message_id":67,"param":{"paramName":"optimizer","paramValue":"Adam","source":"manual","step":null}},"type":"parameter_msg"}
{"payload":{"local_timestamp":1701082052300,"message_id":68,"param":{"paramName":"patience","paramValue":100,"source":"manual","step":null}},"type":"parameter_msg"}
{"payload":{"local_timestamp":1701082052300,"message_id":69,"param":{"paramName":"project","paramValue":"runs\\train","source":"manual","step":null}},"type":"parameter_msg"}
{"payload":{"local_timestamp":1701082052300,"message_id":70,"param":{"paramName":"quad","paramValue":false,"source":"manual","step":null}},"type":"parameter_msg"}
{"payload":{"local_timestamp":1701082052300,"message_id":71,"param":{"paramName":"rect","paramValue":false,"source":"manual","step":null}},"type":"parameter_msg"}
{"payload":{"local_timestamp":1701082052300,"message_id":72,"param":{"paramName":"resume","paramValue":false,"source":"manual","step":null}},"type":"parameter_msg"}
{"payload":{"local_timestamp":1701082052300,"message_id":73,"param":{"paramName":"save_dir","paramValue":"runs\\train\\exp3","source":"manual","step":null}},"type":"parameter_msg"}
{"payload":{"local_timestamp":1701082052300,"message_id":74,"param":{"paramName":"save_period","paramValue":-1,"source":"manual","step":null}},"type":"parameter_msg"}
{"payload":{"local_timestamp":1701082052300,"message_id":75,"param":{"paramName":"seed","paramValue":0,"source":"manual","step":null}},"type":"parameter_msg"}
{"payload":{"local_timestamp":1701082052300,"message_id":76,"param":{"paramName":"single_cls","paramValue":true,"source":"manual","step":null}},"type":"parameter_msg"}
{"payload":{"local_timestamp":1701082052300,"message_id":77,"param":{"paramName":"sync_bn","paramValue":false,"source":"manual","step":null}},"type":"parameter_msg"}
{"payload":{"local_timestamp":1701082052300,"message_id":78,"param":{"paramName":"upload_dataset","paramValue":false,"source":"manual","step":null}},"type":"parameter_msg"}
{"payload":{"local_timestamp":1701082052300,"message_id":79,"param":{"paramName":"weights","paramValue":"yolov5s.pt","source":"manual","step":null}},"type":"parameter_msg"}
{"payload":{"local_timestamp":1701082052300,"message_id":80,"param":{"paramName":"workers","paramValue":4,"source":"manual","step":null}},"type":"parameter_msg"}
{"payload":{"local_timestamp":1701082052300,"message_id":81,"param":{"paramName":"anchor_t","paramValue":4.0,"source":"manual","step":null}},"type":"parameter_msg"}
{"payload":{"local_timestamp":1701082052300,"message_id":82,"param":{"paramName":"box","paramValue":0.05,"source":"manual","step":null}},"type":"parameter_msg"}
{"payload":{"local_timestamp":1701082052300,"message_id":83,"param":{"paramName":"cls","paramValue":0.3,"source":"manual","step":null}},"type":"parameter_msg"}
{"payload":{"local_timestamp":1701082052300,"message_id":84,"param":{"paramName":"cls_pw","paramValue":1.0,"source":"manual","step":null}},"type":"parameter_msg"}
{"payload":{"local_timestamp":1701082052300,"message_id":85,"param":{"paramName":"copy_paste","paramValue":0.0,"source":"manual","step":null}},"type":"parameter_msg"}
{"payload":{"local_timestamp":1701082052300,"message_id":86,"param":{"paramName":"degrees","paramValue":0.0,"source":"manual","step":null}},"type":"parameter_msg"}
{"payload":{"local_timestamp":1701082052300,"message_id":87,"param":{"paramName":"fl_gamma","paramValue":0.0,"source":"manual","step":null}},"type":"parameter_msg"}
{"payload":{"local_timestamp":1701082052300,"message_id":88,"param":{"paramName":"fliplr","paramValue":0.5,"source":"manual","step":null}},"type":"parameter_msg"}
{"payload":{"local_timestamp":1701082052300,"message_id":89,"param":{"paramName":"flipud","paramValue":0.0,"source":"manual","step":null}},"type":"parameter_msg"}
{"payload":{"local_timestamp":1701082052300,"message_id":90,"param":{"paramName":"hsv_h","paramValue":0.015,"source":"manual","step":null}},"type":"parameter_msg"}
{"payload":{"local_timestamp":1701082052300,"message_id":91,"param":{"paramName":"hsv_s","paramValue":0.7,"source":"manual","step":null}},"type":"parameter_msg"}
{"payload":{"local_timestamp":1701082052300,"message_id":92,"param":{"paramName":"hsv_v","paramValue":0.4,"source":"manual","step":null}},"type":"parameter_msg"}
{"payload":{"local_timestamp":1701082052300,"message_id":93,"param":{"paramName":"iou_t","paramValue":0.2,"source":"manual","step":null}},"type":"parameter_msg"}
{"payload":{"local_timestamp":1701082052300,"message_id":94,"param":{"paramName":"lr0","paramValue":0.01,"source":"manual","step":null}},"type":"parameter_msg"}
{"payload":{"local_timestamp":1701082052300,"message_id":95,"param":{"paramName":"lrf","paramValue":0.01,"source":"manual","step":null}},"type":"parameter_msg"}
{"payload":{"local_timestamp":1701082052300,"message_id":96,"param":{"paramName":"mixup","paramValue":0.1,"source":"manual","step":null}},"type":"parameter_msg"}
{"payload":{"local_timestamp":1701082052300,"message_id":97,"param":{"paramName":"momentum","paramValue":0.937,"source":"manual","step":null}},"type":"parameter_msg"}
{"payload":{"local_timestamp":1701082052300,"message_id":98,"param":{"paramName":"mosaic","paramValue":1.0,"source":"manual","step":null}},"type":"parameter_msg"}
{"payload":{"local_timestamp":1701082052300,"message_id":99,"param":{"paramName":"obj","paramValue":0.7,"source":"manual","step":null}},"type":"parameter_msg"}
{"payload":{"local_timestamp":1701082052300,"message_id":100,"param":{"paramName":"obj_pw","paramValue":1.0,"source":"manual","step":null}},"type":"parameter_msg"}
{"payload":{"local_timestamp":1701082052300,"message_id":101,"param":{"paramName":"perspective","paramValue":0.0,"source":"manual","step":null}},"type":"parameter_msg"}
{"payload":{"local_timestamp":1701082052300,"message_id":102,"param":{"paramName":"scale","paramValue":0.9,"source":"manual","step":null}},"type":"parameter_msg"}
{"payload":{"local_timestamp":1701082052300,"message_id":103,"param":{"paramName":"shear","paramValue":0.0,"source":"manual","step":null}},"type":"parameter_msg"}
{"payload":{"local_timestamp":1701082052300,"message_id":104,"param":{"paramName":"translate","paramValue":0.1,"source":"manual","step":null}},"type":"parameter_msg"}
{"payload":{"local_timestamp":1701082052301,"message_id":105,"param":{"paramName":"warmup_bias_lr","paramValue":0.1,"source":"manual","step":null}},"type":"parameter_msg"}
{"payload":{"local_timestamp":1701082052301,"message_id":106,"param":{"paramName":"warmup_epochs","paramValue":3.0,"source":"manual","step":null}},"type":"parameter_msg"}
{"payload":{"local_timestamp":1701082052301,"message_id":107,"param":{"paramName":"warmup_momentum","paramValue":0.8,"source":"manual","step":null}},"type":"parameter_msg"}
{"payload":{"local_timestamp":1701082052301,"message_id":108,"param":{"paramName":"weight_decay","paramValue":0.0005,"source":"manual","step":null}},"type":"parameter_msg"}
{"payload":{"additional_params":{"assetId":"1990ae2982bc4b7d8ae7344f4b8d211b","context":null,"epoch":null,"extension":"json","fileName":"hyperparameters.json","overwrite":false,"runId":null,"step":null},"clean":true,"file_path":"tmpj2uw215e","local_timestamp":1701082052307,"message_id":109,"metadata":{"type":"hyp-config-file"},"upload_type":"asset"},"type":"file_upload"}
{"payload":{"additional_params":{"assetId":"fd19033ea96d4af38a3eaac618a95e3e","context":null,"extension":"yaml","fileName":"opt.yaml","overwrite":false,"runId":null,"step":null},"clean":true,"file_path":"tmp9zfunhzx","local_timestamp":1701082052303,"message_id":110,"metadata":{"type":"opt-config-file"},"upload_type":"asset"},"type":"file_upload"}
{"payload":{"local_timestamp":1701082052303,"message_id":111,"param":{"paramName":"val_conf_threshold","paramValue":0.001,"source":"manual","step":null}},"type":"parameter_msg"}
{"payload":{"local_timestamp":1701082052303,"message_id":112,"param":{"paramName":"val_iou_threshold","paramValue":0.6,"source":"manual","step":null}},"type":"parameter_msg"}
{"payload":{"local_timestamp":1701082052303,"log_other":{"key":"comet_mode","val":"online"},"message_id":113},"type":"ws_msg"}
{"payload":{"local_timestamp":1701082052303,"log_other":{"key":"comet_max_image_uploads","val":100},"message_id":114},"type":"ws_msg"}
{"payload":{"local_timestamp":1701082052303,"log_other":{"key":"comet_log_per_class_metrics","val":false},"message_id":115},"type":"ws_msg"}
{"payload":{"local_timestamp":1701082052303,"log_other":{"key":"comet_log_batch_metrics","val":false},"message_id":116},"type":"ws_msg"}
{"payload":{"local_timestamp":1701082052303,"log_other":{"key":"comet_log_confusion_matrix","val":true},"message_id":117},"type":"ws_msg"}
{"payload":{"local_timestamp":1701082052303,"log_other":{"key":"comet_model_name","val":"yolov5"},"message_id":118},"type":"ws_msg"}
{"payload":{"local_timestamp":1701082052351,"message_id":119,"stderr":true,"stdout":"Traceback (most recent call last):\n"},"type":"ws_msg"}
{"payload":{"local_timestamp":1701082052351,"message_id":120,"stderr":true,"stdout":"  File \"train.py\", line 647, in <module>\n"},"type":"ws_msg"}
{"payload":{"local_timestamp":1701082052352,"message_id":121,"stderr":true,"stdout":"    "},"type":"ws_msg"}
{"payload":{"local_timestamp":1701082052352,"message_id":122,"stderr":true,"stdout":"main(opt)"},"type":"ws_msg"}
{"payload":{"local_timestamp":1701082052352,"message_id":123,"stderr":true,"stdout":"\n"},"type":"ws_msg"}
{"payload":{"local_timestamp":1701082052352,"message_id":124,"stderr":true,"stdout":"  File \"train.py\", line 536, in main\n"},"type":"ws_msg"}
{"payload":{"local_timestamp":1701082052352,"message_id":125,"stderr":true,"stdout":"    "},"type":"ws_msg"}
{"payload":{"local_timestamp":1701082052352,"message_id":126,"stderr":true,"stdout":"train(opt.hyp, opt, device, callbacks)"},"type":"ws_msg"}
{"payload":{"local_timestamp":1701082052352,"message_id":127,"stderr":true,"stdout":"\n"},"type":"ws_msg"}
{"payload":{"local_timestamp":1701082052353,"message_id":128,"stderr":true,"stdout":"  File \"train.py\", line 130, in train\n"},"type":"ws_msg"}
{"payload":{"local_timestamp":1701082052354,"message_id":129,"stderr":true,"stdout":"    "},"type":"ws_msg"}
{"payload":{"local_timestamp":1701082052354,"message_id":130,"stderr":true,"stdout":"model = Model(cfg or ckpt['model'].yaml, ch=3, nc=nc, anchors=hyp.get('anchors')).to(device)  # create"},"type":"ws_msg"}
{"payload":{"local_timestamp":1701082052354,"message_id":131,"stderr":true,"stdout":"\n"},"type":"ws_msg"}
{"payload":{"local_timestamp":1701082052354,"message_id":132,"stderr":true,"stdout":"  File \"C:\\Users\\17237\\Desktop\\yolov5-master\\yolov5-me\\models\\yolo.py\", line 175, in __init__\n"},"type":"ws_msg"}
{"payload":{"local_timestamp":1701082052354,"message_id":133,"stderr":true,"stdout":"    "},"type":"ws_msg"}
{"payload":{"local_timestamp":1701082052354,"message_id":134,"stderr":true,"stdout":"self.yaml = yaml.safe_load(f)  # model dict"},"type":"ws_msg"}
{"payload":{"local_timestamp":1701082052354,"message_id":135,"stderr":true,"stdout":"\n"},"type":"ws_msg"}
{"payload":{"local_timestamp":1701082052354,"message_id":136,"stderr":true,"stdout":"  File \"G:\\software\\Anaconda3\\envs\\pytorch1\\lib\\site-packages\\yaml\\__init__.py\", line 125, in safe_load\n"},"type":"ws_msg"}
{"payload":{"local_timestamp":1701082052357,"message_id":137,"stderr":true,"stdout":"    "},"type":"ws_msg"}
{"payload":{"local_timestamp":1701082052357,"message_id":138,"stderr":true,"stdout":"return load(stream, SafeLoader)"},"type":"ws_msg"}
{"payload":{"local_timestamp":1701082052357,"message_id":139,"stderr":true,"stdout":"\n"},"type":"ws_msg"}
{"payload":{"local_timestamp":1701082052357,"message_id":140,"stderr":true,"stdout":"  File \"G:\\software\\Anaconda3\\envs\\pytorch1\\lib\\site-packages\\yaml\\__init__.py\", line 81, in load\n"},"type":"ws_msg"}
{"payload":{"local_timestamp":1701082052357,"message_id":141,"stderr":true,"stdout":"    "},"type":"ws_msg"}
{"payload":{"local_timestamp":1701082052357,"message_id":142,"stderr":true,"stdout":"return loader.get_single_data()"},"type":"ws_msg"}
{"payload":{"local_timestamp":1701082052357,"message_id":143,"stderr":true,"stdout":"\n"},"type":"ws_msg"}
{"payload":{"local_timestamp":1701082052357,"message_id":144,"stderr":true,"stdout":"  File \"G:\\software\\Anaconda3\\envs\\pytorch1\\lib\\site-packages\\yaml\\constructor.py\", line 49, in get_single_data\n"},"type":"ws_msg"}
{"payload":{"local_timestamp":1701082052360,"message_id":145,"stderr":true,"stdout":"    "},"type":"ws_msg"}
{"payload":{"local_timestamp":1701082052360,"message_id":146,"stderr":true,"stdout":"node = self.get_single_node()"},"type":"ws_msg"}
{"payload":{"local_timestamp":1701082052360,"message_id":147,"stderr":true,"stdout":"\n"},"type":"ws_msg"}
{"payload":{"local_timestamp":1701082052360,"message_id":148,"stderr":true,"stdout":"  File \"G:\\software\\Anaconda3\\envs\\pytorch1\\lib\\site-packages\\yaml\\composer.py\", line 36, in get_single_node\n"},"type":"ws_msg"}
{"payload":{"local_timestamp":1701082052363,"message_id":149,"stderr":true,"stdout":"    "},"type":"ws_msg"}
{"payload":{"local_timestamp":1701082052363,"message_id":150,"stderr":true,"stdout":"document = self.compose_document()"},"type":"ws_msg"}
{"payload":{"local_timestamp":1701082052363,"message_id":151,"stderr":true,"stdout":"\n"},"type":"ws_msg"}
{"payload":{"local_timestamp":1701082052363,"message_id":152,"stderr":true,"stdout":"  File \"G:\\software\\Anaconda3\\envs\\pytorch1\\lib\\site-packages\\yaml\\composer.py\", line 55, in compose_document\n"},"type":"ws_msg"}
{"payload":{"local_timestamp":1701082052364,"message_id":153,"stderr":true,"stdout":"    "},"type":"ws_msg"}
{"payload":{"local_timestamp":1701082052364,"message_id":154,"stderr":true,"stdout":"node = self.compose_node(None, None)"},"type":"ws_msg"}
{"payload":{"local_timestamp":1701082052364,"message_id":155,"stderr":true,"stdout":"\n"},"type":"ws_msg"}
{"payload":{"local_timestamp":1701082052364,"message_id":156,"stderr":true,"stdout":"  File \"G:\\software\\Anaconda3\\envs\\pytorch1\\lib\\site-packages\\yaml\\composer.py\", line 84, in compose_node\n"},"type":"ws_msg"}
{"payload":{"local_timestamp":1701082052364,"message_id":157,"stderr":true,"stdout":"    "},"type":"ws_msg"}
{"payload":{"local_timestamp":1701082052364,"message_id":158,"stderr":true,"stdout":"node = self.compose_mapping_node(anchor)"},"type":"ws_msg"}
{"payload":{"local_timestamp":1701082052364,"message_id":159,"stderr":true,"stdout":"\n"},"type":"ws_msg"}
{"payload":{"local_timestamp":1701082052365,"message_id":160,"stderr":true,"stdout":"  File \"G:\\software\\Anaconda3\\envs\\pytorch1\\lib\\site-packages\\yaml\\composer.py\", line 133, in compose_mapping_node\n"},"type":"ws_msg"}
{"payload":{"local_timestamp":1701082052365,"message_id":161,"stderr":true,"stdout":"    "},"type":"ws_msg"}
{"payload":{"local_timestamp":1701082052365,"message_id":162,"stderr":true,"stdout":"item_value = self.compose_node(node, item_key)"},"type":"ws_msg"}
{"payload":{"local_timestamp":1701082052365,"message_id":163,"stderr":true,"stdout":"\n"},"type":"ws_msg"}
{"payload":{"local_timestamp":1701082052365,"message_id":164,"stderr":true,"stdout":"  File \"G:\\software\\Anaconda3\\envs\\pytorch1\\lib\\site-packages\\yaml\\composer.py\", line 82, in compose_node\n"},"type":"ws_msg"}
{"payload":{"local_timestamp":1701082052365,"message_id":165,"stderr":true,"stdout":"    "},"type":"ws_msg"}
{"payload":{"local_timestamp":1701082052365,"message_id":166,"stderr":true,"stdout":"node = self.compose_sequence_node(anchor)"},"type":"ws_msg"}
{"payload":{"local_timestamp":1701082052365,"message_id":167,"stderr":true,"stdout":"\n"},"type":"ws_msg"}
{"payload":{"local_timestamp":1701082052365,"message_id":168,"stderr":true,"stdout":"  File \"G:\\software\\Anaconda3\\envs\\pytorch1\\lib\\site-packages\\yaml\\composer.py\", line 110, in compose_sequence_node\n"},"type":"ws_msg"}
{"payload":{"local_timestamp":1701082052365,"message_id":169,"stderr":true,"stdout":"    "},"type":"ws_msg"}
{"payload":{"local_timestamp":1701082052365,"message_id":170,"stderr":true,"stdout":"while not self.check_event(SequenceEndEvent):"},"type":"ws_msg"}
{"payload":{"local_timestamp":1701082052366,"message_id":171,"stderr":true,"stdout":"\n"},"type":"ws_msg"}
{"payload":{"local_timestamp":1701082052366,"message_id":172,"stderr":true,"stdout":"  File \"G:\\software\\Anaconda3\\envs\\pytorch1\\lib\\site-packages\\yaml\\parser.py\", line 98, in check_event\n"},"type":"ws_msg"}
{"payload":{"local_timestamp":1701082052369,"message_id":173,"stderr":true,"stdout":"    "},"type":"ws_msg"}
{"payload":{"local_timestamp":1701082052369,"message_id":174,"stderr":true,"stdout":"self.current_event = self.state()"},"type":"ws_msg"}
{"payload":{"local_timestamp":1701082052369,"message_id":175,"stderr":true,"stdout":"\n"},"type":"ws_msg"}
{"payload":{"local_timestamp":1701082052369,"message_id":176,"stderr":true,"stdout":"  File \"G:\\software\\Anaconda3\\envs\\pytorch1\\lib\\site-packages\\yaml\\parser.py\", line 483, in parse_flow_sequence_entry\n"},"type":"ws_msg"}
{"payload":{"local_timestamp":1701082052371,"message_id":177,"stderr":true,"stdout":"    "},"type":"ws_msg"}
{"payload":{"local_timestamp":1701082052371,"message_id":178,"stderr":true,"stdout":"raise ParserError(\"while parsing a flow sequence\", self.marks[-1],"},"type":"ws_msg"}
{"payload":{"local_timestamp":1701082052371,"message_id":179,"stderr":true,"stdout":"\n"},"type":"ws_msg"}
{"payload":{"local_timestamp":1701082052371,"message_id":180,"stderr":true,"stdout":"yaml.parser"},"type":"ws_msg"}
{"payload":{"local_timestamp":1701082052371,"message_id":181,"stderr":true,"stdout":"."},"type":"ws_msg"}
{"payload":{"local_timestamp":1701082052371,"message_id":182,"stderr":true,"stdout":"ParserError"},"type":"ws_msg"}
{"payload":{"local_timestamp":1701082052371,"message_id":183,"stderr":true,"stdout":": "},"type":"ws_msg"}
{"payload":{"local_timestamp":1701082052371,"message_id":184,"stderr":true,"stdout":"while parsing a flow sequence\n  in \"C:\\Users\\17237\\Desktop\\yolov5-master\\yolov5-me\\models\\yolov5s-CBAM.yaml\", line 36, column 3\nexpected ',' or ']', but got '['\n  in \"C:\\Users\\17237\\Desktop\\yolov5-master\\yolov5-me\\models\\yolov5s-CBAM.yaml\", line 47, column 4"},"type":"ws_msg"}
{"payload":{"local_timestamp":1701082052372,"message_id":185,"stderr":true,"stdout":"\n"},"type":"ws_msg"}
{"payload":{"local_timestamp":1701082052388,"message_id":186,"stderr":true,"stdout":"\u001b[1;38;5;39mCOMET INFO:\u001b[0m Couldn't find a Git repository in 'C:\\\\Users\\\\17237\\\\Desktop\\\\yolov5-master\\\\yolov5-me' nor in any parent directory. Set `COMET_GIT_DIRECTORY` if your Git Repository is elsewhere.\n"},"type":"ws_msg"}
{"payload":{"additional_params":{"assetId":"36ffebbec74c43369c5ed0910aea2c1e","context":null,"epoch":null,"extension":"yml","fileName":"conda-environment.yml","overwrite":false,"runId":null,"step":null,"type":"conda-environment-definition"},"clean":true,"file_path":"tmp07p1lzre","local_timestamp":1701082057304,"message_id":187,"metadata":{},"upload_type":"conda-environment-definition"},"type":"file_upload"}
{"payload":{"additional_params":{"assetId":"3184e8db26fd4119a1e0561e7923a8be","context":null,"epoch":null,"extension":"txt","fileName":"conda-spec.txt","overwrite":false,"runId":null,"step":null,"type":"conda-specification"},"clean":true,"file_path":"tmp48nx2p7b","local_timestamp":1701082058201,"message_id":188,"metadata":{},"upload_type":"conda-specification"},"type":"file_upload"}
{"payload":{"additional_params":{"assetId":"47066f3ef3354f95b1bfd701a8b79e09","context":null,"epoch":null,"extension":"yml","fileName":"conda-info.yml","overwrite":false,"runId":null,"step":null,"type":"conda-info"},"clean":true,"file_path":"tmpignpagy1","local_timestamp":1701082059817,"message_id":189,"metadata":{},"upload_type":"conda-info"},"type":"file_upload"}
{"payload":{"local_timestamp":1701082059817,"message_id":190,"stderr":true,"stdout":"\u001b[1;38;5;39mCOMET INFO:\u001b[0m ---------------------------------------------------------------------------------------\n"},"type":"ws_msg"}
{"payload":{"local_timestamp":1701082059817,"message_id":191,"stderr":true,"stdout":"\u001b[1;38;5;39mCOMET INFO:\u001b[0m Comet.ml OfflineExperiment Summary\n"},"type":"ws_msg"}
{"payload":{"local_timestamp":1701082059817,"message_id":192,"stderr":true,"stdout":"\u001b[1;38;5;39mCOMET INFO:\u001b[0m ---------------------------------------------------------------------------------------\n"},"type":"ws_msg"}
{"payload":{"local_timestamp":1701082059817,"message_id":193,"stderr":true,"stdout":"\u001b[1;38;5;39mCOMET INFO:\u001b[0m   Data:\n"},"type":"ws_msg"}
{"payload":{"local_timestamp":1701082059817,"message_id":194,"stderr":true,"stdout":"\u001b[1;38;5;39mCOMET INFO:\u001b[0m     display_summary_level : 1\n"},"type":"ws_msg"}
{"payload":{"local_timestamp":1701082059817,"message_id":195,"stderr":true,"stdout":"\u001b[1;38;5;39mCOMET INFO:\u001b[0m     url                   : [OfflineExperiment will get URL after upload]\n"},"type":"ws_msg"}
{"payload":{"local_timestamp":1701082059817,"message_id":196,"stderr":true,"stdout":"\u001b[1;38;5;39mCOMET INFO:\u001b[0m   Others:\n"},"type":"ws_msg"}
{"payload":{"local_timestamp":1701082059817,"message_id":197,"stderr":true,"stdout":"\u001b[1;38;5;39mCOMET INFO:\u001b[0m     Created from                : YOLOv5\n"},"type":"ws_msg"}
{"payload":{"local_timestamp":1701082059818,"message_id":198,"stderr":true,"stdout":"\u001b[1;38;5;39mCOMET INFO:\u001b[0m     Name                        : exp\n"},"type":"ws_msg"}
{"payload":{"local_timestamp":1701082059818,"message_id":199,"stderr":true,"stdout":"\u001b[1;38;5;39mCOMET INFO:\u001b[0m     comet_log_batch_metrics     : False\n"},"type":"ws_msg"}
{"payload":{"local_timestamp":1701082059818,"message_id":200,"stderr":true,"stdout":"\u001b[1;38;5;39mCOMET INFO:\u001b[0m     comet_log_confusion_matrix  : True\n"},"type":"ws_msg"}
{"payload":{"local_timestamp":1701082059818,"message_id":201,"stderr":true,"stdout":"\u001b[1;38;5;39mCOMET INFO:\u001b[0m     comet_log_per_class_metrics : False\n"},"type":"ws_msg"}
{"payload":{"local_timestamp":1701082059818,"message_id":202,"stderr":true,"stdout":"\u001b[1;38;5;39mCOMET INFO:\u001b[0m     comet_max_image_uploads     : 100\n"},"type":"ws_msg"}
{"payload":{"local_timestamp":1701082059818,"message_id":203,"stderr":true,"stdout":"\u001b[1;38;5;39mCOMET INFO:\u001b[0m     comet_mode                  : online\n"},"type":"ws_msg"}
{"payload":{"local_timestamp":1701082059818,"message_id":204,"stderr":true,"stdout":"\u001b[1;38;5;39mCOMET INFO:\u001b[0m     comet_model_name            : yolov5\n"},"type":"ws_msg"}
{"payload":{"local_timestamp":1701082059818,"message_id":205,"stderr":true,"stdout":"\u001b[1;38;5;39mCOMET INFO:\u001b[0m     hasNestedParams             : True\n"},"type":"ws_msg"}
{"payload":{"local_timestamp":1701082059818,"message_id":206,"stderr":true,"stdout":"\u001b[1;38;5;39mCOMET INFO:\u001b[0m     offline_experiment          : True\n"},"type":"ws_msg"}
{"payload":{"local_timestamp":1701082059818,"message_id":207,"stderr":true,"stdout":"\u001b[1;38;5;39mCOMET INFO:\u001b[0m   Parameters:\n"},"type":"ws_msg"}
{"payload":{"local_timestamp":1701082059819,"message_id":208,"stderr":true,"stdout":"\u001b[1;38;5;39mCOMET INFO:\u001b[0m     anchor_t            : 4.0\n"},"type":"ws_msg"}
{"payload":{"local_timestamp":1701082059819,"message_id":209,"stderr":true,"stdout":"\u001b[1;38;5;39mCOMET INFO:\u001b[0m     artifact_alias      : latest\n"},"type":"ws_msg"}
{"payload":{"local_timestamp":1701082059819,"message_id":210,"stderr":true,"stdout":"\u001b[1;38;5;39mCOMET INFO:\u001b[0m     batch_size          : 16\n"},"type":"ws_msg"}
{"payload":{"local_timestamp":1701082059819,"message_id":211,"stderr":true,"stdout":"\u001b[1;38;5;39mCOMET INFO:\u001b[0m     bbox_interval       : -1\n"},"type":"ws_msg"}
{"payload":{"local_timestamp":1701082059819,"message_id":212,"stderr":true,"stdout":"\u001b[1;38;5;39mCOMET INFO:\u001b[0m     box                 : 0.05\n"},"type":"ws_msg"}
{"payload":{"local_timestamp":1701082059819,"message_id":213,"stderr":true,"stdout":"\u001b[1;38;5;39mCOMET INFO:\u001b[0m     bucket              : \n"},"type":"ws_msg"}
{"payload":{"local_timestamp":1701082059820,"message_id":214,"stderr":true,"stdout":"\u001b[1;38;5;39mCOMET INFO:\u001b[0m     cache               : None\n"},"type":"ws_msg"}
{"payload":{"local_timestamp":1701082059820,"message_id":215,"stderr":true,"stdout":"\u001b[1;38;5;39mCOMET INFO:\u001b[0m     cls                 : 0.3\n"},"type":"ws_msg"}
{"payload":{"local_timestamp":1701082059820,"message_id":216,"stderr":true,"stdout":"\u001b[1;38;5;39mCOMET INFO:\u001b[0m     cls_pw              : 1.0\n"},"type":"ws_msg"}
{"payload":{"local_timestamp":1701082059820,"message_id":217,"stderr":true,"stdout":"\u001b[1;38;5;39mCOMET INFO:\u001b[0m     copy_paste          : 0.0\n"},"type":"ws_msg"}
{"payload":{"local_timestamp":1701082059820,"message_id":218,"stderr":true,"stdout":"\u001b[1;38;5;39mCOMET INFO:\u001b[0m     cos_lr              : False\n"},"type":"ws_msg"}
{"payload":{"local_timestamp":1701082059821,"message_id":219,"stderr":true,"stdout":"\u001b[1;38;5;39mCOMET INFO:\u001b[0m     data                : data\\accident.yaml\n"},"type":"ws_msg"}
{"payload":{"local_timestamp":1701082059821,"message_id":220,"stderr":true,"stdout":"\u001b[1;38;5;39mCOMET INFO:\u001b[0m     degrees             : 0.0\n"},"type":"ws_msg"}
{"payload":{"local_timestamp":1701082059821,"message_id":221,"stderr":true,"stdout":"\u001b[1;38;5;39mCOMET INFO:\u001b[0m     device              : \n"},"type":"ws_msg"}
{"payload":{"local_timestamp":1701082059821,"message_id":222,"stderr":true,"stdout":"\u001b[1;38;5;39mCOMET INFO:\u001b[0m     entity              : None\n"},"type":"ws_msg"}
{"payload":{"local_timestamp":1701082059821,"message_id":223,"stderr":true,"stdout":"\u001b[1;38;5;39mCOMET INFO:\u001b[0m     epochs              : 300\n"},"type":"ws_msg"}
{"payload":{"local_timestamp":1701082059821,"message_id":224,"stderr":true,"stdout":"\u001b[1;38;5;39mCOMET INFO:\u001b[0m     evolve              : None\n"},"type":"ws_msg"}
{"payload":{"local_timestamp":1701082059821,"message_id":225,"stderr":true,"stdout":"\u001b[1;38;5;39mCOMET INFO:\u001b[0m     exist_ok            : False\n"},"type":"ws_msg"}
{"payload":{"local_timestamp":1701082059821,"message_id":226,"stderr":true,"stdout":"\u001b[1;38;5;39mCOMET INFO:\u001b[0m     fl_gamma            : 0.0\n"},"type":"ws_msg"}
{"payload":{"local_timestamp":1701082059822,"message_id":227,"stderr":true,"stdout":"\u001b[1;38;5;39mCOMET INFO:\u001b[0m     fliplr              : 0.5\n"},"type":"ws_msg"}
{"payload":{"local_timestamp":1701082059822,"message_id":228,"stderr":true,"stdout":"\u001b[1;38;5;39mCOMET INFO:\u001b[0m     flipud              : 0.0\n"},"type":"ws_msg"}
{"payload":{"local_timestamp":1701082059822,"message_id":229,"stderr":true,"stdout":"\u001b[1;38;5;39mCOMET INFO:\u001b[0m     freeze              : [0]\n"},"type":"ws_msg"}
{"payload":{"local_timestamp":1701082059822,"message_id":230,"stderr":true,"stdout":"\u001b[1;38;5;39mCOMET INFO:\u001b[0m     hsv_h               : 0.015\n"},"type":"ws_msg"}
{"payload":{"local_timestamp":1701082059822,"message_id":231,"stderr":true,"stdout":"\u001b[1;38;5;39mCOMET INFO:\u001b[0m     hsv_s               : 0.7\n"},"type":"ws_msg"}
{"payload":{"local_timestamp":1701082059822,"message_id":232,"stderr":true,"stdout":"\u001b[1;38;5;39mCOMET INFO:\u001b[0m     hsv_v               : 0.4\n"},"type":"ws_msg"}
{"payload":{"local_timestamp":1701082059822,"message_id":233,"stderr":true,"stdout":"\u001b[1;38;5;39mCOMET INFO:\u001b[0m     hyp|anchor_t        : 4.0\n"},"type":"ws_msg"}
{"payload":{"local_timestamp":1701082059822,"message_id":234,"stderr":true,"stdout":"\u001b[1;38;5;39mCOMET INFO:\u001b[0m     hyp|box             : 0.05\n"},"type":"ws_msg"}
{"payload":{"local_timestamp":1701082059823,"message_id":235,"stderr":true,"stdout":"\u001b[1;38;5;39mCOMET INFO:\u001b[0m     hyp|cls             : 0.3\n"},"type":"ws_msg"}
{"payload":{"local_timestamp":1701082059823,"message_id":236,"stderr":true,"stdout":"\u001b[1;38;5;39mCOMET INFO:\u001b[0m     hyp|cls_pw          : 1.0\n"},"type":"ws_msg"}
{"payload":{"local_timestamp":1701082059823,"message_id":237,"stderr":true,"stdout":"\u001b[1;38;5;39mCOMET INFO:\u001b[0m     hyp|copy_paste      : 0.0\n"},"type":"ws_msg"}
{"payload":{"local_timestamp":1701082059823,"message_id":238,"stderr":true,"stdout":"\u001b[1;38;5;39mCOMET INFO:\u001b[0m     hyp|degrees         : 0.0\n"},"type":"ws_msg"}
{"payload":{"local_timestamp":1701082059823,"message_id":239,"stderr":true,"stdout":"\u001b[1;38;5;39mCOMET INFO:\u001b[0m     hyp|fl_gamma        : 0.0\n"},"type":"ws_msg"}
{"payload":{"local_timestamp":1701082059823,"message_id":240,"stderr":true,"stdout":"\u001b[1;38;5;39mCOMET INFO:\u001b[0m     hyp|fliplr          : 0.5\n"},"type":"ws_msg"}
{"payload":{"local_timestamp":1701082059823,"message_id":241,"stderr":true,"stdout":"\u001b[1;38;5;39mCOMET INFO:\u001b[0m     hyp|flipud          : 0.0\n"},"type":"ws_msg"}
{"payload":{"local_timestamp":1701082059823,"message_id":242,"stderr":true,"stdout":"\u001b[1;38;5;39mCOMET INFO:\u001b[0m     hyp|hsv_h           : 0.015\n"},"type":"ws_msg"}
{"payload":{"local_timestamp":1701082059823,"message_id":243,"stderr":true,"stdout":"\u001b[1;38;5;39mCOMET INFO:\u001b[0m     hyp|hsv_s           : 0.7\n"},"type":"ws_msg"}
{"payload":{"local_timestamp":1701082059824,"message_id":244,"stderr":true,"stdout":"\u001b[1;38;5;39mCOMET INFO:\u001b[0m     hyp|hsv_v           : 0.4\n"},"type":"ws_msg"}
{"payload":{"local_timestamp":1701082059824,"message_id":245,"stderr":true,"stdout":"\u001b[1;38;5;39mCOMET INFO:\u001b[0m     hyp|iou_t           : 0.2\n"},"type":"ws_msg"}
{"payload":{"local_timestamp":1701082059824,"message_id":246,"stderr":true,"stdout":"\u001b[1;38;5;39mCOMET INFO:\u001b[0m     hyp|lr0             : 0.01\n"},"type":"ws_msg"}
{"payload":{"local_timestamp":1701082059824,"message_id":247,"stderr":true,"stdout":"\u001b[1;38;5;39mCOMET INFO:\u001b[0m     hyp|lrf             : 0.01\n"},"type":"ws_msg"}
{"payload":{"local_timestamp":1701082059824,"message_id":248,"stderr":true,"stdout":"\u001b[1;38;5;39mCOMET INFO:\u001b[0m     hyp|mixup           : 0.1\n"},"type":"ws_msg"}
{"payload":{"local_timestamp":1701082059824,"message_id":249,"stderr":true,"stdout":"\u001b[1;38;5;39mCOMET INFO:\u001b[0m     hyp|momentum        : 0.937\n"},"type":"ws_msg"}
{"payload":{"local_timestamp":1701082059824,"message_id":250,"stderr":true,"stdout":"\u001b[1;38;5;39mCOMET INFO:\u001b[0m     hyp|mosaic          : 1.0\n"},"type":"ws_msg"}
{"payload":{"local_timestamp":1701082059824,"message_id":251,"stderr":true,"stdout":"\u001b[1;38;5;39mCOMET INFO:\u001b[0m     hyp|obj             : 0.7\n"},"type":"ws_msg"}
{"payload":{"local_timestamp":1701082059824,"message_id":252,"stderr":true,"stdout":"\u001b[1;38;5;39mCOMET INFO:\u001b[0m     hyp|obj_pw          : 1.0\n"},"type":"ws_msg"}
{"payload":{"local_timestamp":1701082059825,"message_id":253,"stderr":true,"stdout":"\u001b[1;38;5;39mCOMET INFO:\u001b[0m     hyp|perspective     : 0.0\n"},"type":"ws_msg"}
{"payload":{"local_timestamp":1701082059825,"message_id":254,"stderr":true,"stdout":"\u001b[1;38;5;39mCOMET INFO:\u001b[0m     hyp|scale           : 0.9\n"},"type":"ws_msg"}
{"payload":{"local_timestamp":1701082059825,"message_id":255,"stderr":true,"stdout":"\u001b[1;38;5;39mCOMET INFO:\u001b[0m     hyp|shear           : 0.0\n"},"type":"ws_msg"}
{"payload":{"local_timestamp":1701082059825,"message_id":256,"stderr":true,"stdout":"\u001b[1;38;5;39mCOMET INFO:\u001b[0m     hyp|translate       : 0.1\n"},"type":"ws_msg"}
{"payload":{"local_timestamp":1701082059825,"message_id":257,"stderr":true,"stdout":"\u001b[1;38;5;39mCOMET INFO:\u001b[0m     hyp|warmup_bias_lr  : 0.1\n"},"type":"ws_msg"}
{"payload":{"local_timestamp":1701082059825,"message_id":258,"stderr":true,"stdout":"\u001b[1;38;5;39mCOMET INFO:\u001b[0m     hyp|warmup_epochs   : 3.0\n"},"type":"ws_msg"}
{"payload":{"local_timestamp":1701082059825,"message_id":259,"stderr":true,"stdout":"\u001b[1;38;5;39mCOMET INFO:\u001b[0m     hyp|warmup_momentum : 0.8\n"},"type":"ws_msg"}
{"payload":{"local_timestamp":1701082059825,"message_id":260,"stderr":true,"stdout":"\u001b[1;38;5;39mCOMET INFO:\u001b[0m     hyp|weight_decay    : 0.0005\n"},"type":"ws_msg"}
{"payload":{"local_timestamp":1701082059825,"message_id":261,"stderr":true,"stdout":"\u001b[1;38;5;39mCOMET INFO:\u001b[0m     image_weights       : False\n"},"type":"ws_msg"}
{"payload":{"local_timestamp":1701082059826,"message_id":262,"stderr":true,"stdout":"\u001b[1;38;5;39mCOMET INFO:\u001b[0m     imgsz               : 640\n"},"type":"ws_msg"}
{"payload":{"local_timestamp":1701082059826,"message_id":263,"stderr":true,"stdout":"\u001b[1;38;5;39mCOMET INFO:\u001b[0m     iou_t               : 0.2\n"},"type":"ws_msg"}
{"payload":{"local_timestamp":1701082059826,"message_id":264,"stderr":true,"stdout":"\u001b[1;38;5;39mCOMET INFO:\u001b[0m     label_smoothing     : 0.0\n"},"type":"ws_msg"}
{"payload":{"local_timestamp":1701082059826,"message_id":265,"stderr":true,"stdout":"\u001b[1;38;5;39mCOMET INFO:\u001b[0m     local_rank          : -1\n"},"type":"ws_msg"}
{"payload":{"local_timestamp":1701082059826,"message_id":266,"stderr":true,"stdout":"\u001b[1;38;5;39mCOMET INFO:\u001b[0m     lr0                 : 0.01\n"},"type":"ws_msg"}
{"payload":{"local_timestamp":1701082059826,"message_id":267,"stderr":true,"stdout":"\u001b[1;38;5;39mCOMET INFO:\u001b[0m     lrf                 : 0.01\n"},"type":"ws_msg"}
{"payload":{"local_timestamp":1701082059826,"message_id":268,"stderr":true,"stdout":"\u001b[1;38;5;39mCOMET INFO:\u001b[0m     mixup               : 0.1\n"},"type":"ws_msg"}
{"payload":{"local_timestamp":1701082059826,"message_id":269,"stderr":true,"stdout":"\u001b[1;38;5;39mCOMET INFO:\u001b[0m     momentum            : 0.937\n"},"type":"ws_msg"}
{"payload":{"local_timestamp":1701082059827,"message_id":270,"stderr":true,"stdout":"\u001b[1;38;5;39mCOMET INFO:\u001b[0m     mosaic              : 1.0\n"},"type":"ws_msg"}
{"payload":{"local_timestamp":1701082059827,"message_id":271,"stderr":true,"stdout":"\u001b[1;38;5;39mCOMET INFO:\u001b[0m     multi_scale         : False\n"},"type":"ws_msg"}
{"payload":{"local_timestamp":1701082059827,"message_id":272,"stderr":true,"stdout":"\u001b[1;38;5;39mCOMET INFO:\u001b[0m     name                : exp\n"},"type":"ws_msg"}
{"payload":{"local_timestamp":1701082059827,"message_id":273,"stderr":true,"stdout":"\u001b[1;38;5;39mCOMET INFO:\u001b[0m     noautoanchor        : False\n"},"type":"ws_msg"}
{"payload":{"local_timestamp":1701082059828,"message_id":274,"stderr":true,"stdout":"\u001b[1;38;5;39mCOMET INFO:\u001b[0m     noplots             : False\n"},"type":"ws_msg"}
{"payload":{"local_timestamp":1701082059828,"message_id":275,"stderr":true,"stdout":"\u001b[1;38;5;39mCOMET INFO:\u001b[0m     nosave              : False\n"},"type":"ws_msg"}
{"payload":{"local_timestamp":1701082059828,"message_id":276,"stderr":true,"stdout":"\u001b[1;38;5;39mCOMET INFO:\u001b[0m     noval               : False\n"},"type":"ws_msg"}
{"payload":{"local_timestamp":1701082059828,"message_id":277,"stderr":true,"stdout":"\u001b[1;38;5;39mCOMET INFO:\u001b[0m     obj                 : 0.7\n"},"type":"ws_msg"}
{"payload":{"local_timestamp":1701082059828,"message_id":278,"stderr":true,"stdout":"\u001b[1;38;5;39mCOMET INFO:\u001b[0m     obj_pw              : 1.0\n"},"type":"ws_msg"}
{"payload":{"local_timestamp":1701082059828,"message_id":279,"stderr":true,"stdout":"\u001b[1;38;5;39mCOMET INFO:\u001b[0m     optimizer           : Adam\n"},"type":"ws_msg"}
{"payload":{"local_timestamp":1701082059828,"message_id":280,"stderr":true,"stdout":"\u001b[1;38;5;39mCOMET INFO:\u001b[0m     patience            : 100\n"},"type":"ws_msg"}
{"payload":{"local_timestamp":1701082059829,"message_id":281,"stderr":true,"stdout":"\u001b[1;38;5;39mCOMET INFO:\u001b[0m     perspective         : 0.0\n"},"type":"ws_msg"}
{"payload":{"local_timestamp":1701082059829,"message_id":282,"stderr":true,"stdout":"\u001b[1;38;5;39mCOMET INFO:\u001b[0m     project             : runs\\train\n"},"type":"ws_msg"}
{"payload":{"local_timestamp":1701082059829,"message_id":283,"stderr":true,"stdout":"\u001b[1;38;5;39mCOMET INFO:\u001b[0m     quad                : False\n"},"type":"ws_msg"}
{"payload":{"local_timestamp":1701082059829,"message_id":284,"stderr":true,"stdout":"\u001b[1;38;5;39mCOMET INFO:\u001b[0m     rect                : False\n"},"type":"ws_msg"}
{"payload":{"local_timestamp":1701082059829,"message_id":285,"stderr":true,"stdout":"\u001b[1;38;5;39mCOMET INFO:\u001b[0m     resume              : False\n"},"type":"ws_msg"}
{"payload":{"local_timestamp":1701082059829,"message_id":286,"stderr":true,"stdout":"\u001b[1;38;5;39mCOMET INFO:\u001b[0m     save_dir            : runs\\train\\exp3\n"},"type":"ws_msg"}
{"payload":{"local_timestamp":1701082059829,"message_id":287,"stderr":true,"stdout":"\u001b[1;38;5;39mCOMET INFO:\u001b[0m     save_period         : -1\n"},"type":"ws_msg"}
{"payload":{"local_timestamp":1701082059829,"message_id":288,"stderr":true,"stdout":"\u001b[1;38;5;39mCOMET INFO:\u001b[0m     scale               : 0.9\n"},"type":"ws_msg"}
{"payload":{"local_timestamp":1701082059829,"message_id":289,"stderr":true,"stdout":"\u001b[1;38;5;39mCOMET INFO:\u001b[0m     seed                : 0\n"},"type":"ws_msg"}
{"payload":{"local_timestamp":1701082059829,"message_id":290,"stderr":true,"stdout":"\u001b[1;38;5;39mCOMET INFO:\u001b[0m     shear               : 0.0\n"},"type":"ws_msg"}
{"payload":{"local_timestamp":1701082059829,"message_id":291,"stderr":true,"stdout":"\u001b[1;38;5;39mCOMET INFO:\u001b[0m     single_cls          : True\n"},"type":"ws_msg"}
{"payload":{"local_timestamp":1701082059830,"message_id":292,"stderr":true,"stdout":"\u001b[1;38;5;39mCOMET INFO:\u001b[0m     sync_bn             : False\n"},"type":"ws_msg"}
{"payload":{"local_timestamp":1701082059830,"message_id":293,"stderr":true,"stdout":"\u001b[1;38;5;39mCOMET INFO:\u001b[0m     translate           : 0.1\n"},"type":"ws_msg"}
{"payload":{"local_timestamp":1701082059830,"message_id":294,"stderr":true,"stdout":"\u001b[1;38;5;39mCOMET INFO:\u001b[0m     upload_dataset      : False\n"},"type":"ws_msg"}
{"payload":{"local_timestamp":1701082059830,"message_id":295,"stderr":true,"stdout":"\u001b[1;38;5;39mCOMET INFO:\u001b[0m     val_conf_threshold  : 0.001\n"},"type":"ws_msg"}
{"payload":{"local_timestamp":1701082059830,"message_id":296,"stderr":true,"stdout":"\u001b[1;38;5;39mCOMET INFO:\u001b[0m     val_iou_threshold   : 0.6\n"},"type":"ws_msg"}
{"payload":{"local_timestamp":1701082059830,"message_id":297,"stderr":true,"stdout":"\u001b[1;38;5;39mCOMET INFO:\u001b[0m     warmup_bias_lr      : 0.1\n"},"type":"ws_msg"}
{"payload":{"local_timestamp":1701082059830,"message_id":298,"stderr":true,"stdout":"\u001b[1;38;5;39mCOMET INFO:\u001b[0m     warmup_epochs       : 3.0\n"},"type":"ws_msg"}
{"payload":{"local_timestamp":1701082059830,"message_id":299,"stderr":true,"stdout":"\u001b[1;38;5;39mCOMET INFO:\u001b[0m     warmup_momentum     : 0.8\n"},"type":"ws_msg"}
{"payload":{"local_timestamp":1701082059830,"message_id":300,"stderr":true,"stdout":"\u001b[1;38;5;39mCOMET INFO:\u001b[0m     weight_decay        : 0.0005\n"},"type":"ws_msg"}
{"payload":{"local_timestamp":1701082059830,"message_id":301,"stderr":true,"stdout":"\u001b[1;38;5;39mCOMET INFO:\u001b[0m     weights             : yolov5s.pt\n"},"type":"ws_msg"}
{"payload":{"local_timestamp":1701082059831,"message_id":302,"stderr":true,"stdout":"\u001b[1;38;5;39mCOMET INFO:\u001b[0m     workers             : 4\n"},"type":"ws_msg"}
{"payload":{"local_timestamp":1701082059831,"message_id":303,"stderr":true,"stdout":"\u001b[1;38;5;39mCOMET INFO:\u001b[0m   Uploads:\n"},"type":"ws_msg"}
{"payload":{"local_timestamp":1701082059831,"message_id":304,"stderr":true,"stdout":"\u001b[1;38;5;39mCOMET INFO:\u001b[0m     asset                        : 3 (1.56 KB)\n"},"type":"ws_msg"}
{"payload":{"local_timestamp":1701082059831,"message_id":305,"stderr":true,"stdout":"\u001b[1;38;5;39mCOMET INFO:\u001b[0m     conda-environment-definition : 1\n"},"type":"ws_msg"}
{"payload":{"local_timestamp":1701082059831,"message_id":306,"stderr":true,"stdout":"\u001b[1;38;5;39mCOMET INFO:\u001b[0m     conda-info                   : 1\n"},"type":"ws_msg"}
{"payload":{"local_timestamp":1701082059831,"message_id":307,"stderr":true,"stdout":"\u001b[1;38;5;39mCOMET INFO:\u001b[0m     conda-specification          : 1\n"},"type":"ws_msg"}
{"payload":{"local_timestamp":1701082059831,"message_id":308,"stderr":true,"stdout":"\u001b[1;38;5;39mCOMET INFO:\u001b[0m     environment details          : 1\n"},"type":"ws_msg"}
{"payload":{"local_timestamp":1701082059831,"message_id":309,"stderr":true,"stdout":"\u001b[1;38;5;39mCOMET INFO:\u001b[0m     installed packages           : 1\n"},"type":"ws_msg"}
{"payload":{"local_timestamp":1701082059831,"message_id":310,"stderr":true,"stdout":"\u001b[1;38;5;39mCOMET INFO:\u001b[0m \n"},"type":"ws_msg"}
